Community ID,Num. Diseases,Modularity,Total Communities,Top Central Hubs (Eigenvector)
14,3183,0.0631559017590388,365,"Frontonasal dysplasia, Dyssomnias, Mucopolysaccharidosis III, Contracture, Craniofrontonasal dysplasia"
75,753,0.0631559017590388,365,"Basal Ganglia Diseases, Sexual Dysfunctions, Psychological, Hyperprolactinemia, Hypopituitarism, Coma"
1,592,0.0631559017590388,365,"Breast Neoplasms, Prostatic Neoplasms, Carcinoma, Hepatocellular, Hypertension, Chemical and Drug Induced Liver Injury"
70,91,0.0631559017590388,365,"Heroin Dependence, Body Weight, Myasthenia Gravis, Postoperative Complications, Constipation"
122,77,0.0631559017590388,365,"Leigh Disease, Paraganglioma, EVEN-PLUS SYNDROME, Glycogen Storage Disease Type IV, Glycogen Storage Disease XII"
0,68,0.0631559017590388,365,"Infertility, Female, Precursor Cell Lymphoblastic Leukemia-Lymphoma, Osteosarcoma, Adenoma, Mitochondrial Diseases"
136,68,0.0631559017590388,365,"Hypogonadism, Amenorrhea, Adrenal Hyperplasia, Congenital, Ovarian Diseases, Critical Illness"
155,64,0.0631559017590388,365,"Lipid Metabolism, Inborn Errors, Dysfibrinogenemia, Congenital, Hypermethioninemia, Spastic Paraplegia, Hereditary, Patterned dystrophy of retinal pigment epithelium"
2,58,0.0631559017590388,365,"Weight Loss, Adenocarcinoma of Lung, Glucose Intolerance, Craniofacial Abnormalities, Occupational Diseases"
33,48,0.0631559017590388,365,"Leukemia-Lymphoma, Adult T-Cell, Celiac Disease, Neural Tube Defects, Lupus Nephritis, Hepatitis C"
41,48,0.0631559017590388,365,"Thromboembolism, Acidosis, Lactic, Neurologic Manifestations, Vasospasm, Intracranial, Intracranial Hemorrhages"
81,43,0.0631559017590388,365,"Hearing Loss, Sensorineural, Cartilage Diseases, Erythema, Arthritis, Myopia"
185,40,0.0631559017590388,365,"Hypereosinophilic Syndrome, Barakat syndrome, Asthma, Nasal Polyps, And Aspirin Intolerance, Bare Lymphocyte Syndrome, Type I, Mycosis Fungoides"
30,33,0.0631559017590388,365,"Amnesia, MELAS Syndrome, Ophthalmoplegia, Chronic Progressive External, Neutropenia, Gout"
139,31,0.0631559017590388,365,"Activated Protein C Resistance, Deafness, Autosomal Recessive 1A, Ichthyosis, Keratoderma, Palmoplantar, Progressive hearing loss stapes fixation"
173,30,0.0631559017590388,365,"Ehlers-Danlos syndrome, cardiac valvular form, Weill-Marchesani Syndrome, Simpson-Golabi-Behmel syndrome, Arachnodactyly, ST Elevation Myocardial Infarction"
138,29,0.0631559017590388,365,"Chromosomal Instability, Rhabdomyosarcoma, Embryonal, Meier-Gorlin syndrome, Aneuploidy, MIRROR MOVEMENTS 1"
46,27,0.0631559017590388,365,"Lymphatic Metastasis, Kidney Tubular Necrosis, Acute, Uveitis, Meningomyelocele, Methylmalonic acidemia"
88,27,0.0631559017590388,365,"Hypokalemia, Ventricular Fibrillation, Urinary Bladder Diseases, Hyperkalemia, MPTP Poisoning"
9,26,0.0631559017590388,365,"Lymphoma, Large B-Cell, Diffuse, Diabetic Retinopathy, Spinal Cord Injuries, Leukemia, Myeloid, Acute, Head and Neck Neoplasms"
285,26,0.0631559017590388,365,"Eczema, Dowling-Degos Disease, Epidermolysis Bullosa Simplex, Autosomal Recessive, Pachyonychia Congenita, Hyperkeratosis, Epidermolytic"
171,25,0.0631559017590388,365,"Charcot-Marie-Tooth Disease, Protein-Losing Enteropathies, Muscular Atrophy, Spinal, Schizophrenia, Paranoid, Hypomagnesemia primary"
220,25,0.0631559017590388,365,"Congenital central hypoventilation syndrome, Carcinoma, Medullary, Familial medullary thyroid carcinoma, Adenoma, Oxyphilic, Charcot-Marie-Tooth disease, Type 1F"
11,25,0.0631559017590388,365,"Papilloma, Neoplasm Recurrence, Local, Pancreatitis, Cognition Disorders, Aortic Aneurysm, Abdominal"
280,24,0.0631559017590388,365,"Neurilemmoma, Aniridia, Branchio-Oto-Renal Syndrome, AXENFELD-RIEGER SYNDROME, TYPE 1, WAGR Syndrome"
4,24,0.0631559017590388,365,"Leukemia, Astrocytoma, Diabetes, Gestational, Prostatic Intraepithelial Neoplasia, Bone Diseases, Metabolic"
154,23,0.0631559017590388,365,"ACTH-Secreting Pituitary Adenoma, Quadriplegia, Microphthalmia, Syndromic 6, Orofacial Cleft 11, Severe combined immunodeficiency due to adenosine deaminase deficiency"
224,22,0.0631559017590388,365,"Rickets, Vitamin D Deficiency, Hyperphosphatemia, Bone Diseases, Endocrine, Basal Cell Nevus Syndrome"
316,22,0.0631559017590388,365,"Optic Atrophy, Mitochondrial Encephalomyopathies, GLAUCOMA, NORMAL TENSION, SUSCEPTIBILITY TO, ENCEPHALOPATHY DUE TO DEFECTIVE MITOCHONDRIAL AND PEROXISOMAL FISSION 1, Optic atrophy 5"
7,21,0.0631559017590388,365,"Cleft Palate, Uremia, Glomerulonephritis, IGA, Aortic Valve Insufficiency, Nephrosclerosis"
51,21,0.0631559017590388,365,"Heart Failure, Diastolic, Urination Disorders, Cardiomyopathy, Hypertrophic, Familial, Ductus Arteriosus, Patent, Coronary Stenosis"
21,20,0.0631559017590388,365,"Hemorrhage, Macular Degeneration, Leukemia, Myeloid, Diabetes Complications, Epilepsy, Temporal Lobe"
42,20,0.0631559017590388,365,"Respiratory Distress Syndrome, Nephrotic Syndrome, Nephrosis, Nephritis, Interstitial, Keloid"
234,19,0.0631559017590388,365,"CADASIL, NEUROPATHY, HEREDITARY SENSORY AND AUTONOMIC, TYPE IIA, Hereditary Angioedema Types I and II, OSTEOGENESIS IMPERFECTA, TYPE XVII, Erythrocytosis, Familial, 4"
22,18,0.0631559017590388,365,"Hyperkinesis, Movement Disorders, Epilepsy, Tonic-Clonic, Tremor, Prenatal Injuries"
166,18,0.0631559017590388,365,"Hand Deformities, Congenital, Death, Sudden, Cardiac, Atrioventricular Block, Muscular Dystrophies, Limb-Girdle, Foot Deformities, Congenital"
277,18,0.0631559017590388,365,"Craniosynostoses, Antley-Bixler Syndrome Phenotype, ANTLEY-BIXLER SYNDROME WITHOUT GENITAL ANOMALIES OR DISORDERED STEROIDOGENESIS, Kallmann Syndrome, Jackson-Weiss syndrome"
6,18,0.0631559017590388,365,"Mesothelioma, Behcet Syndrome, Marfan Syndrome, Chromosome Breakage, Depressive Disorder, Major"
141,18,0.0631559017590388,365,"Speech Disorders, Olfaction Disorders, Obesity, Hyperphagia, and Developmental Delay, Unconsciousness, Fibroma"
58,17,0.0631559017590388,365,"Language Development Disorders, Melanoma, Experimental, LEOPARD Syndrome, Hemangioma, Endometrial Hyperplasia"
60,17,0.0631559017590388,365,"Paranoid Disorders, Obsessive-Compulsive Disorder, Segawa syndrome, autosomal recessive, Alcohol Withdrawal Seizures, Tic Disorders"
77,17,0.0631559017590388,365,"Catalepsy, Neurobehavioral Manifestations, Vascular Remodeling, Hypertension, Malignant, Hypertension, Renal"
91,17,0.0631559017590388,365,"Aortic Aneurysm, Thoracic, Neointima, Cerebral Infarction, Morphine Dependence, Aortic Aneurysm"
215,17,0.0631559017590388,365,"Hepatitis B, Chronic, Tuberculosis, Hepatitis C, Chronic, Genital Neoplasms, Female, Foodborne Diseases"
213,16,0.0631559017590388,365,"Phyllodes Tumor, Periventricular Nodular Heterotopia, Opitz-Kaveggia syndrome, Frontometaphyseal dysplasia, Nephrotic syndrome, idiopathic, steroid-resistant"
206,15,0.0631559017590388,365,"Carotid Stenosis, Alzheimer Disease, Familial, 3, with Spastic Paraparesis and Apraxia, Multiple Sclerosis, Relapsing-Remitting, Hyperlipoproteinemia Type III, Macular Degeneration, Age-Related, 1"
249,15,0.0631559017590388,365,"WHIM syndrome, Glycogen Storage Disease Type II, Respiratory Distress Syndrome, Newborn, Refractive Errors, von Willebrand Disease, Type 1"
109,15,0.0631559017590388,365,"Cholestasis, Intrahepatic, Afibrinogenemia, Cholestasis, progressive familial intrahepatic 1, Cholestasis, progressive familial intrahepatic 3, Jaundice, Chronic Idiopathic"
65,15,0.0631559017590388,365,"Amyloidosis, Dementia, Cognitive Dysfunction, Cerebral Amyloid Angiopathy, Spinal Cord Diseases"
26,13,0.0631559017590388,365,"Pre-Eclampsia, Adrenoleukodystrophy, Pancreatic Diseases, Anemia, Hemolytic, Spinocerebellar Ataxia 17"
31,13,0.0631559017590388,365,"Glomerulosclerosis, Focal Segmental, Enterocolitis, Necrotizing, Parkinson Disease, Secondary, Endotoxemia, Hypoxia-Ischemia, Brain"
186,13,0.0631559017590388,365,"MICROCEPHALY, CONGENITAL CATARACT, AND PSORIASIFORM DERMATITIS, CATARACT 44, POROKERATOSIS 9, MULTIPLE TYPES, Smith-Lemli-Opitz Syndrome, Desmosterolosis"
228,13,0.0631559017590388,365,"Adenocarcinoma, Follicular, Amyloidosis, Familial, Thyroid Hormone Resistance Syndrome, Thyroid Hormone Resistance, Generalized, Autosomal Dominant, Thyroid Hormone Resistance, Generalized, Autosomal Recessive"
15,12,0.0631559017590388,365,"Substance Withdrawal Syndrome, Cocaine-Related Disorders, Arthritis, Juvenile, Severe Acute Respiratory Syndrome, Hypertrophy"
54,12,0.0631559017590388,365,"Noonan Syndrome, Cardiofaciocutaneous syndrome, Costello Syndrome, Neoplastic Processes, Epidermal Nevus"
89,12,0.0631559017590388,365,"Triple Negative Breast Neoplasms, Down Syndrome, Inflammatory Breast Neoplasms, Staphylococcal Infections, Keratitis"
108,12,0.0631559017590388,365,"Scleroderma, Systemic, Cholangitis, Aortic Dissection, Nephrogenic Fibrosing Dermopathy, Osteogenesis Imperfecta"
226,12,0.0631559017590388,365,"Pseudohypoaldosteronism, Respiration Disorders, Brachydactyly, Hemorrhagic Disorders, Acth-Independent Macronodular Adrenal Hyperplasia"
233,12,0.0631559017590388,365,"Malnutrition, Neural tube defect, folate-sensitive, Homocystinuria, Clubfoot, Thyrotoxicosis"
72,11,0.0631559017590388,365,"Hearing Loss, Motor Skills Disorders, Fatty Liver, Alcoholic, Muscle Weakness, Motor Neuron Disease"
253,11,0.0631559017590388,365,"Puberty, Delayed, Infertility, Respiratory Tract Infections, Granulosa Cell Tumor, Overweight"
207,11,0.0631559017590388,365,"Pigmentation Disorders, Albinism, Oculocutaneous, Waardenburg syndrome type 2, COLOBOMA, OSTEOPETROSIS, MICROPHTHALMIA, MACROCEPHALY, ALBINISM, AND DEAFNESS, Tietz syndrome"
3,11,0.0631559017590388,365,"Stevens-Johnson Syndrome, Intellectual Disability, Parkinsonian Disorders, Paralysis, Dermatitis"
67,11,0.0631559017590388,365,"alpha-Fetoprotein Deficiency, Autoimmune Diseases of the Nervous System, Alternating hemiplegia of childhood, CONGENITAL MYOPATHY 2A, TYPICAL, AUTOSOMAL DOMINANT, MYOPATHY, SCAPULOHUMEROPERONEAL"
23,11,0.0631559017590388,365,"Neurodevelopmental Disorders, Adenoma, Liver Cell, Abnormalities, Multiple, Peritoneal Neoplasms, Hepatoblastoma"
178,10,0.0631559017590388,365,"Maple Syrup Urine Disease, Aggressive Periodontitis, Papillon-Lefevre Disease, Keratosis palmoplantaris with periodontopathia and onychogryposis, Halitosis"
344,10,0.0631559017590388,365,"Carnitine palmitoyl transferase 1A deficiency, Brain Diseases, Metabolic, Peroxisomal ACYL-COA oxidase deficiency, Carnitine Palmitoyltransferase II Deficiency, Infantile, Carnitine Palmitoyltransferase II Deficiency, Late-Onset"
337,10,0.0631559017590388,365,"Turcot syndrome, Massive Hepatic Necrosis, Muir-Torre Syndrome, Anemia, Macrocytic, Adenomatous Polyps"
218,10,0.0631559017590388,365,"Reflex, Abnormal, Sudden Infant Death, Night blindness, congenital stationary, Epilepsy, Generalized, Epilepsy, Frontal Lobe"
184,10,0.0631559017590388,365,"Pituitary Neoplasms, Corneal Diseases, Acromegaly, Insulin-Like Growth Factor I Deficiency, Isolated Growth Hormone Deficiency, Type IB"
165,10,0.0631559017590388,365,"Hypothyroidism, Goiter, Congenital Hypothyroidism, Thyroiditis, Autoimmune, HYPOTHYROIDISM, CONGENITAL, NONGOITROUS, 4"
69,10,0.0631559017590388,365,"Disseminated Intravascular Coagulation, Paratuberculosis, Thrombophilia, Mesenteric Ischemia, Sinus Thrombosis, Intracranial"
128,10,0.0631559017590388,365,"Neoplasms, Squamous Cell, Hereditary Breast and Ovarian Cancer Syndrome, Ataxia Telangiectasia, BREAST-OVARIAN CANCER, FAMILIAL, SUSCEPTIBILITY TO, 1, Seckel syndrome 1"
102,10,0.0631559017590388,365,"Ischemic Stroke, Vestibular Diseases, Tachycardia, Ventricular, Teratozoospermia, Coronary Vasospasm"
32,10,0.0631559017590388,365,"Carcinoma, Pancreatic Ductal, Endocrine System Diseases, Clinical Deterioration, Gastrointestinal Diseases, Encephalomyelitis, Autoimmune, Experimental"
18,10,0.0631559017590388,365,"Epilepsy, Leukemia, Promyelocytic, Acute, Ventricular Remodeling, Psychoses, Substance-Induced, Carcinogenesis"
20,9,0.0631559017590388,365,"Hearing Loss, Noise-Induced, Carcinoid Tumor, Lung agenesis, Lupus Erythematosus, Discoid, Lentivirus Infections"
59,9,0.0631559017590388,365,"Leukemia, Myelomonocytic, Juvenile, Gastrointestinal Hemorrhage, Agranulocytosis, Stomatitis, Lymphoma, AIDS-Related"
111,9,0.0631559017590388,365,"Cough, Angioedemas, Hereditary, Acquired angioedema, Sneezing, Esophageal Diseases"
219,9,0.0631559017590388,365,"Phosphoenolpyruvate carboxykinase deficiency, Congenital Hyperinsulinism, Glycogen Storage Disease Type I, Hepatorenal form of glycogen storage disease, Diabetes Mellitus, Permanent Neonatal"
259,9,0.0631559017590388,365,"DEAFNESS, AUTOSOMAL DOMINANT 56, Vesico-Ureteral Reflux, Gastroenteritis, Doyne honeycomb retinal dystrophy, Glaucoma 1, Open Angle, H"
263,9,0.0631559017590388,365,"Alveolar Bone Loss, Chronic Periodontitis, Hypophosphatasia, Hypophosphatasia, Adult, Hypophosphatasia, Childhood"
276,9,0.0631559017590388,365,"Porencephaly, Telangiectasia, Hereditary Hemorrhagic, Angiopathy, Hereditary, With Nephropathy, Aneurysms, And Muscle Cramps, Axenfeld-Rieger syndrome, BRAIN SMALL VESSEL DISEASE 1 WITH OR WITHOUT OCULAR ANOMALIES"
348,9,0.0631559017590388,365,"Neurofibroma, Plexiform, Platelet Disorder, Familial, with Associated Myeloid Malignancy, Mixed Tumor, Mullerian, Cone-Rod Dystrophy 12, Macular Dystrophy, Retinal, 2"
244,8,0.0631559017590388,365,"Hydrocephalus, Megalancephaly Polymicrogyria-Polydactyly Hydrocephalus Syndrome, Polydactyly, Postaxial, Megalencephaly, Perisylvian syndrome"
199,8,0.0631559017590388,365,"Anemia, Hypochromic Microcytic, With Iron Overload, Corneal Dystrophy, Congenital Stromal, Sebaceous Gland Neoplasms, IMMUNODEFICIENCY 22, Pulmonary edema of mountaineers"
238,8,0.0631559017590388,365,"Hereditary Sensory and Autonomic Neuropathies, Dwarfism, Facies, Leukemia, Monocytic, Acute, Cerebellar Ataxia, Deafness, and Narcolepsy"
174,8,0.0631559017590388,365,"Leukemia, Lymphoid, Dyskeratosis Congenita, Dyskeratosis Congenita, Autosomal Dominant, Cri-du-Chat Syndrome, DYSKERATOSIS CONGENITA, AUTOSOMAL DOMINANT 2"
291,8,0.0631559017590388,365,"Hyperlipoproteinemias, Neuroectodermal Tumors, Primitive, Abdominal obesity metabolic syndrome, Periodontal Diseases, Agricultural Workers' Diseases"
306,8,0.0631559017590388,365,"Tetralogy of Fallot, Atrioventricular Septal Defect, CONOTRUNCAL HEART MALFORMATIONS, Pancreatic Agenesis, Congenital, Atrial septal defect 2"
340,8,0.0631559017590388,365,"Retinal Neovascularization, Gamma-cystathionase deficiency, Biliary Tract Neoplasms, Neurofibromatosis 1, Neurofibroma"
187,8,0.0631559017590388,365,"Renal Insufficiency, Chronic, Hypertrophy, Right Ventricular, Coronary Aneurysm, Basaran Yilmaz syndrome, Craniometaphyseal dysplasia, autosomal recessive type"
177,8,0.0631559017590388,365,"Atypical Hemolytic Uremic Syndrome, Pemphigus, Complement Component 3 Deficiency, Autosomal Recessive, Macular Degeneration, Age-Related, 9, Neisseriaceae Infections"
157,8,0.0631559017590388,365,"Nervous System Malformations, Coloboma, BARAITSER-WINTER SYNDROME 1, Dysostoses, Juvenile-onset dystonia"
73,8,0.0631559017590388,365,"Melanoma, Cutaneous Malignant, Huntington Disease, Attention Deficit Disorder with Hyperactivity, Marijuana Use, Stress Disorders, Post-Traumatic"
29,8,0.0631559017590388,365,"Poisoning, Mental Disorders, Hematologic Neoplasms, Translocation, Genetic, Hypotension, Orthostatic"
37,8,0.0631559017590388,365,"Ataxia, Anaphylaxis, Cryopyrin-Associated Periodic Syndromes, Hidradenitis Suppurativa, Acne Vulgaris"
43,8,0.0631559017590388,365,"Primary Myelofibrosis, Polycythemia, Thrombocytosis, Pregnancy Complications, Polycythemia Vera"
13,8,0.0631559017590388,365,"Renal Insufficiency, Lipidoses, Leukostasis, Polycystic Kidney, Autosomal Dominant, Lipodystrophy, Familial Partial"
115,8,0.0631559017590388,365,"EPILEPSY, FAMILIAL TEMPORAL LOBE, 1, DEVELOPMENTAL AND EPILEPTIC ENCEPHALOPATHY 41, EPILEPSY, FAMILIAL TEMPORAL LOBE, 7, Norman Roberts lissencephaly syndrome, Low Tension Glaucoma"
125,8,0.0631559017590388,365,"Glaucoma, Brain Stem Neoplasms, Nerve Sheath Neoplasms, Chromosome Deletion, Trisomy"
148,8,0.0631559017590388,365,"Respiratory Insufficiency, Tauopathies, Supranuclear Palsy, Progressive, PARKINSON DISEASE, LATE-ONSET, Psychomotor Agitation"
132,7,0.0631559017590388,365,"Eosinophilia, Dysbiosis, Leprosy, Pulmonary Eosinophilia, Waldenstrom Macroglobulinemia"
330,7,0.0631559017590388,365,"Dysequilibrium syndrome, Apraxias, DEVELOPMENTAL AND EPILEPTIC ENCEPHALOPATHY 12, Plasma Cell Granuloma, Pulmonary, Megacolon"
312,7,0.0631559017590388,365,"Fahr's disease, Fibromatosis, Congenital Generalized, Gingival Hyperplasia, BASAL GANGLIA CALCIFICATION, IDIOPATHIC, 4, KOSAKI OVERGROWTH SYNDROME"
301,7,0.0631559017590388,365,"Myoclonic Epilepsies, Progressive, Prion Diseases, Gerstmann-Straussler-Scheinker Disease, Huntington Disease-Like 1, Insomnia, Fatal Familial"
287,7,0.0631559017590388,365,"Glaucoma, Angle-Closure, Intervertebral disc disease, Fibrochondrogenesis, NEURODEVELOPMENTAL DISORDER WITH HYPOTONIA, STEREOTYPIC HAND MOVEMENTS, AND IMPAIRED LANGUAGE, Intervertebral Disc Displacement"
284,7,0.0631559017590388,365,"Lymphoma, T-Cell, Peripheral, Immunoblastic Lymphadenopathy, Ectodermal Dysplasia, Hypopigmentation, Tooth Diseases"
275,7,0.0631559017590388,365,"Granulomatous Disease, Chronic, Anemia, Hemolytic, Congenital Nonspherocytic, ANEMIA, CONGENITAL, NONSPHEROCYTIC HEMOLYTIC, 1, Glucosephosphate Dehydrogenase Deficiency, Favism"
156,7,0.0631559017590388,365,"Walker-Warburg Syndrome, Coffin-Siris syndrome, Syndactyly, Cytochrome-c Oxidase Deficiency, Hermanski-Pudlak Syndrome"
140,7,0.0631559017590388,365,"Sleep Initiation and Maintenance Disorders, Epilepsy, Absence, Seizures, Febrile, Angelman Syndrome, Myoclonic Epilepsy, Juvenile"
119,7,0.0631559017590388,365,"Hypersensitivity, Immediate, Gastro-enteropancreatic neuroendocrine tumor, Dermatitis, Occupational, Ileitis, Enterocolitis"
28,7,0.0631559017590388,365,"Warfarin Sensitivity, TOBACCO ADDICTION, SUSCEPTIBILITY TO, Carcinoma, Large Cell, Coumarin Resistance, EFAVIRENZ, POOR METABOLISM OF"
105,7,0.0631559017590388,365,"Creutzfeldt-Jakob Syndrome, Retinitis Pigmentosa, Major Affective Disorder 7, Color Vision Defects, Wolcott-Rallison syndrome"
101,7,0.0631559017590388,365,"Hyperbilirubinemia, Neonatal, Gilbert Disease, Kernicterus, Crigler-Najjar Syndrome, Crigler Najjar syndrome, type 2"
97,7,0.0631559017590388,365,"Crisponi syndrome, Corneal Injuries, Oligodontia-Colorectal Cancer Syndrome, Laryngeal Neoplasms, Pharyngeal Neoplasms"
84,7,0.0631559017590388,365,"Osteoarthritis, Hip, Tooth Abnormalities, Cleidocranial Dysplasia, Metaphyseal Dysplasia with Maxillary Hypoplasia and Brachydactyly, Spondylarthritis"
79,7,0.0631559017590388,365,"Thrombocytopenia 4, COMBINED OXIDATIVE PHOSPHORYLATION DEFICIENCY 6, Cowchock syndrome, Deafness, X-Linked 5, SPONDYLOEPIMETAPHYSEAL DYSPLASIA, X-LINKED, WITH HYPOMYELINATING LEUKODYSTROPHY"
71,7,0.0631559017590388,365,"Sinusitis, Pancreatitis, Chronic, Choledochal Cyst, Hereditary renal agenesis, Hereditary pancreatitis"
48,7,0.0631559017590388,365,"Salivary Gland Neoplasms, Lymphoma, Mantle-Cell, Cecal Neoplasms, Genomic Instability, Bowen's Disease"
35,7,0.0631559017590388,365,"Autoimmune Lymphoproliferative Syndrome, Papillomavirus Infections, Hematologic Diseases, Malaria, Falciparum, Leukocyte Disorders"
107,7,0.0631559017590388,365,"OSTEOGENESIS IMPERFECTA, TYPE X, Preterm Premature Rupture of the Membranes, ANEMIA, CONGENITAL, NONSPHEROCYTIC HEMOLYTIC, 5, Neuropathy, hereditary motor and sensory, Russe type, RETINITIS PIGMENTOSA 79"
241,6,0.0631559017590388,365,"Arterial calcification of infancy, Pseudoxanthoma Elasticum, Knobloch syndrome, KERATOSIS PILARIS ATROPHICANS, Purine-Pyrimidine Metabolism, Inborn Errors"
227,6,0.0631559017590388,365,"Uveal Melanoma, Ameloblastoma, Port-Wine Stain, LEOPARD SYNDROME 3, Mandibular Neoplasms"
235,6,0.0631559017590388,365,"Exanthema, Myositis, Sclerosis, Schnitzler Syndrome, CHRONIC RECURRENT MULTIFOCAL OSTEOMYELITIS 2, WITH PERIOSTITIS AND PUSTULOSIS"
237,6,0.0631559017590388,365,"Pancytopenia, Heart Septal Defects, Ventricular, Polyneuropathies, Sarcoma, Experimental, Paraneoplastic Syndromes"
170,6,0.0631559017590388,365,"Holoprosencephaly, Jaw Abnormalities, Facial Dysmorphism with Multiple Malformations, Holoprosencephaly 3, Microphthalmia, Isolated, with Coloboma 5"
278,6,0.0631559017590388,365,"Neu Laxova syndrome, ASPARAGINE SYNTHETASE DEFICIENCY, Phosphoglycerate Dehydrogenase Deficiency, Phosphoserine Aminotransferase Deficiency, Citrullinemia"
298,6,0.0631559017590388,365,"Lymphoma, Extranodal NK-T-Cell, Leukemia, Prolymphocytic, T-Cell, Leukemia, Large Granular Lymphocytic, T-Lymphocytopenia, Enteropathy-Associated T-Cell Lymphoma"
315,6,0.0631559017590388,365,"Cytomegalovirus Infections, Mycobacterium Infections, Candidiasis, Chronic Mucocutaneous, IMMUNODEFICIENCY 31A, IMMUNODEFICIENCY 31B"
324,6,0.0631559017590388,365,"Colorectal Neoplasms, Hereditary Nonpolyposis, Colorectal Cancer, Hereditary Nonpolyposis, Type 6, Hernia, Inguinal, LOEYS-DIETZ SYNDROME 2, Scleroderma, Diffuse"
176,6,0.0631559017590388,365,"Loeys-Dietz Syndrome, Musculoskeletal Abnormalities, Respiratory System Abnormalities, Nonsyndromic Deafness, Urogenital Abnormalities"
304,6,0.0631559017590388,365,"Zellweger Syndrome, Peroxisome biogenesis disorders, Peroxisomal Disorders, Hypotonia-Cystinuria Syndrome, D-BIFUNCTIONAL PROTEIN DEFICIENCY"
168,6,0.0631559017590388,365,"Carcinoma, Lewis Lung, HEMOCHROMATOSIS, TYPE 5, Heredodegenerative Disorders, Nervous System, Hyperferritinemia, hereditary, with congenital cataracts, L-FERRITIN DEFICIENCY"
126,6,0.0631559017590388,365,"Obesity, Morbid, Polyuria, Hyperphagia, Oral Ulcer, Polydipsia"
114,6,0.0631559017590388,365,"Epidermolysis Bullosa, Junctional, Epidermolysis bullosa with pyloric atresia, Epidermolysis Bullosa, Junctional, Non-Herlitz Type, Nail Diseases, Epidermolysis Bullosa"
103,6,0.0631559017590388,365,"Neoplasms, Germ Cell and Embryonal, Testicular Neoplasms, Nasal Polyps, DEAFNESS, AUTOSOMAL DOMINANT 69, HYPERPIGMENTATION WITH OR WITHOUT HYPOPIGMENTATION, FAMILIAL PROGRESSIVE"
86,6,0.0631559017590388,365,"Psychotic Disorders, Mood Disorders, Lung Diseases, Obstructive, Glucose Metabolism Disorders, 46, XX Disorders of Sex Development"
66,6,0.0631559017590388,365,"Anemia, hypochromic microcytic, Congenital atransferrinemia, Complement component 5 deficiency, Thiamine Deficiency, alpha 1-Antitrypsin Deficiency"
57,6,0.0631559017590388,365,"Bronchial Hyperreactivity, Hernias, Diaphragmatic, Congenital, Influenza, Human, Spinal Dysraphism, Thyroid Diseases"
12,6,0.0631559017590388,365,"Pheochromocytoma, X-Linked Intellectual Disability, End Stage Liver Disease, Fetal Nutrition Disorders, Antisocial Personality Disorder"
50,6,0.0631559017590388,365,"Iron Overload, Familial apoceruloplasmin deficiency, Menkes Kinky Hair Syndrome, Hemochromatosis, type 4, Biliary Atresia"
39,6,0.0631559017590388,365,"Metabolism, Inborn Errors, Microcephaly, Choreoathetosis-Spasticity, Episodic, Cryohydrocytosis, Stomatin-Deficient, with Mental Retardation, Seizures, Cataracts, and Massive Hepatosplenomegaly, Glut1 Deficiency Syndrome"
134,6,0.0631559017590388,365,"Flushing, Heart Injuries, Sleep Deprivation, Alcohol-Induced Disorders, Melanosis"
295,5,0.0631559017590388,365,"Intestinal Obstruction, Glucose-Galactose Malabsorption, Diabetes Mellitus, Insulin-Dependent, 20, Hepatic Adenomas, Familial, Maturity-Onset Diabetes of the Young, Type 3"
243,5,0.0631559017590388,365,"Carbon Tetrachloride Poisoning, Joint Diseases, Candidiasis, Vulvovaginal, Candidiasis, Oral, Maturity-Onset Diabetes of the Young, Type 8, with Exocrine Dysfunction"
258,5,0.0631559017590388,365,"Osteitis Deformans, Starvation, Distal myopathy, Nonaka type, FRONTOTEMPORAL DEMENTIA AND/OR AMYOTROPHIC LATERAL SCLEROSIS 3, NEURODEGENERATION WITH ATAXIA, DYSTONIA, AND GAZE PALSY, CHILDHOOD-ONSET"
283,5,0.0631559017590388,365,"Duane Retraction Syndrome, CHARCOT-MARIE-TOOTH DISEASE, AXONAL, TYPE 2L, Neuropathy, Distal Hereditary Motor, Type IIA, DEVELOPMENTAL AND EPILEPTIC ENCEPHALOPATHY 30, MULTICENTRIC CARPOTARSAL OSTEOLYSIS SYNDROME"
290,5,0.0631559017590388,365,"Hereditary Sensory and Motor Neuropathy, Rett Syndrome, Sarcoma, Ewing, Charcot-Marie-Tooth disease, Type 1D, Charcot-Marie-Tooth disease, Type 4E"
339,5,0.0631559017590388,365,"Ataxia with vitamin E deficiency, Pediatric Obesity, Lipid Metabolism Disorders, Hypobetalipoproteinemia, Familial, 1, Hypobetalipoproteinemia, Familial, Apolipoprotein B"
314,5,0.0631559017590388,365,"Hypoplastic Left Heart Syndrome, Myotonic Dystrophy, Myotonia, Optic Neuritis, SPASTIC PARAPLEGIA 76, AUTOSOMAL RECESSIVE"
322,5,0.0631559017590388,365,"Atypical Mycobacteriosis, Familial, X-Linked 2, Intracranial Aneurysm, Granulomatous Disease, Chronic, Autosomal Recessive, Cytochrome B-Positive, Type I, Granulomatous Disease, Chronic, Autosomal Recessive, Cytochrome B-Negative, Granulomatous Disease, Chronic, Autosomal Recessive, Cytochrome B-Positive, Type II"
325,5,0.0631559017590388,365,"Hypergammaglobulinemia, Hypoproteinemia, Hypercatabolic, Cerebral Amyloid Angiopathy, Familial, Macular Degeneration, Age-Related, 11, TAKENOUCHI-KOSAKI SYNDROME"
327,5,0.0631559017590388,365,"HYPOINSULINEMIC HYPOGLYCEMIA WITH HEMIHYPERTROPHY, PARKINSON DISEASE 5, AUTOSOMAL DOMINANT, SUSCEPTIBILITY TO, SPASTIC PARAPLEGIA 79B, AUTOSOMAL RECESSIVE, Pelizaeus-Merzbacher Disease, Spastic paraplegia 2, X-linked"
236,5,0.0631559017590388,365,"AUTOIMMUNE LYMPHOPROLIFERATIVE SYNDROME, TYPE III, CARDIOMYOPATHY, DILATED, 1NN, LEOPARD syndrome, 2, Noonan Syndrome 5, Failure to Thrive"
239,5,0.0631559017590388,365,"Hirschsprung Disease, ABCD syndrome, WAARDENBURG SYNDROME, TYPE 4A, Sleep Apnea, Obstructive, MANDIBULOFACIAL DYSOSTOSIS WITH ALOPECIA"
281,5,0.0631559017590388,365,"Myofibrillar Myopathy, CARDIOMYOPATHY, DILATED, 1HH, Cardiomyopathy, Dilated, 1i, Myopathy, Myofibrillar, Desmin-Related, Scapuloperoneal Syndrome, Neurogenic, Kaeser Type"
232,5,0.0631559017590388,365,"Brugada Syndrome, Stress Disorders, Traumatic, Brugada Syndrome 3, Timothy syndrome, HYPERALDOSTERONISM, FAMILIAL, TYPE IV"
120,5,0.0631559017590388,365,"Gaucher Disease, Lameness, Animal, PARKINSON DISEASE 1, AUTOSOMAL DOMINANT, Parkinson Disease 4, Autosomal Dominant Lewy Body, Synucleinopathies"
212,5,0.0631559017590388,365,"Hemangioma, capillary infantile, Eye Neoplasms, LYMPHATIC MALFORMATION 4, GLAUCOMA 3, PRIMARY CONGENITAL, E, Venous Malformations, Multiple Cutaneous and Mucosal"
27,5,0.0631559017590388,365,"Atrial Fibrillation, Torsades de Pointes, Long Qt Syndrome 2, Short QT Syndrome 1, Lysosomal Storage Diseases"
44,5,0.0631559017590388,365,"Helicobacter Infections, Carcinoma, Lobular, Neoplasm Seeding, Cataract, Nuclear Diffuse Nonprogressive, Eructation"
56,5,0.0631559017590388,365,"Mediastinal Neoplasms, Exostoses, Multiple Hereditary, Leukemia, Experimental, Metachondromatosis, Osteochondroma"
61,5,0.0631559017590388,365,"Chloracne, Rectal Neoplasms, Polycystic Kidney, Autosomal Recessive, Bile Duct Neoplasms, NEONATAL NEPHROCUTANEOUS INFLAMMATORY SYNDROME"
40,5,0.0631559017590388,365,"Carotid Artery Thrombosis, Thrombasthenia, Hip Fractures, Thrombocytopenia, Neonatal Alloimmune, Glanzmann Thrombasthenia, Autosomal Dominant"
121,5,0.0631559017590388,365,"Meningococcal Infections, Glycogen Storage Disease Type V, Infant, Premature, Diseases, Pneumonia, Viral, MICROVASCULAR COMPLICATIONS OF DIABETES, SUSCEPTIBILITY TO, 3"
143,5,0.0631559017590388,365,"Chromosome Aberrations, Neoplasms, Second Primary, Disease Susceptibility, Essential Tremor, Raynaud Disease"
149,5,0.0631559017590388,365,"Anonychia congenita, 46,XX SEX REVERSAL 2, 46,XY SEX REVERSAL 10, Campomelic Dysplasia, Pierre Robin Syndrome"
153,5,0.0631559017590388,365,"Congenital Abnormalities, Bicuspid Aortic Valve Disease, Adams Oliver syndrome, Scoliosis, AORTIC VALVE DISEASE 1"
158,5,0.0631559017590388,365,"Cyanosis, Heinz Body Anemias, Beta Thalassemia, Dominant Inclusion Body Type, Hemoglobinopathies, alpha-Thalassemia"
289,4,0.0631559017590388,365,"Hypoalphalipoproteinemias, Hdl Deficiency, Type 2, Tangier Disease, Hypolipoproteinemias"
230,4,0.0631559017590388,365,"Fractures, Bone, Brachydactyly type A2, Peripheral Arterial Disease, Right ventricle hypoplasia"
240,4,0.0631559017590388,365,"Hypoxia, Brain, Aniridia cerebellar ataxia mental deficiency, Spinocerebellar Ataxia 15, Spinocerebellar Ataxia 29"
247,4,0.0631559017590388,365,"Acrodermatitis, Osteoarthritis, Knee, Laron Syndrome, Short Stature, Idiopathic, Autosomal"
254,4,0.0631559017590388,365,"Ascites, Prune Belly Syndrome, Urinary Bladder, Neurogenic, Pyloric Stenosis"
265,4,0.0631559017590388,365,"Attention Deficit and Disruptive Behavior Disorders, Nasal Obstruction, Hematoma, Brain Injuries, Diffuse"
217,4,0.0631559017590388,365,"Erythrocyte Lactate Transporter Defect, Hyperinsulinemic hypoglycemia, familial, 7, MONOCARBOXYLATE TRANSPORTER 1 DEFICIENCY, PIGMENTED NODULAR ADRENOCORTICAL DISEASE, PRIMARY, 4"
267,4,0.0631559017590388,365,"Optic Nerve Injuries, Hypercalcemia, Infantile, Aromatic amino acid decarboxylase deficiency, Nephrolithiasis"
273,4,0.0631559017590388,365,"Aicardi-Goutieres syndrome, Xeroderma Pigmentosum, IgA Deficiency, Chilblain lupus 1"
341,4,0.0631559017590388,365,"Blister, Peutz-Jeghers Syndrome, INFLAMMATORY SKIN AND BOWEL DISEASE, NEONATAL, 1, Intestinal Polyposis"
293,4,0.0631559017590388,365,"Primary Graft Dysfunction, Lymphedema, IMMUNODEFICIENCY 21, LYMPHEDEMA, PRIMARY, WITH MYELODYSPLASIA"
305,4,0.0631559017590388,365,"Pitt-Hopkins syndrome, Thoracic Diseases, EPIDERMOLYSIS BULLOSA SIMPLEX 6, GENERALIZED INTERMEDIATE, WITH OR WITHOUT CARDIOMYOPATHY, Corneal Dystrophy, Fuchs Endothelial, 3"
320,4,0.0631559017590388,365,"Lupus Vasculitis, Central Nervous System, Leukocyte-Adhesion Deficiency Syndrome, Leukocyte adhesion deficiency type 1, Hereditary Diffuse Leukoencephalopathy with Spheroids"
331,4,0.0631559017590388,365,"Williams Syndrome, Cutis Laxa, Autosomal Dominant, Cutis Laxa, Aortic Stenosis, Supravalvular"
333,4,0.0631559017590388,365,"Corneal Opacity, Alagille Syndrome, Mucopolysaccharidosis IV, Gangliosidosis, GM1"
342,4,0.0631559017590388,365,"BODY MASS INDEX QUANTITATIVE TRAIT LOCUS 4, Optic Atrophies, Hereditary, Maternally Inherited Leigh Syndrome, Neuropathy ataxia and retinitis pigmentosa"
350,4,0.0631559017590388,365,"DiGeorge Syndrome, HEARING LOSS, CISPLATIN-INDUCED, SUSCEPTIBILITY TO, Temporomandibular Joint Disorders, Schizophrenia Spectrum and Other Psychotic Disorders"
352,4,0.0631559017590388,365,"Juvenile polyposis syndrome, Glycogen Storage Disease Type IIb, Growth mental deficiency syndrome of Myhre, Juvenile Polyposis with Hereditary Hemorrhagic Telangiectasia"
221,4,0.0631559017590388,365,"Lynch syndrome I (site-specific colonic cancer), Osteoarthropathy, Primary Hypertrophic, Colorectal Cancer, Hereditary Nonpolyposis, Type 8, Diarrhea 5, With Tufting Enteropathy, Congenital"
135,4,0.0631559017590388,365,"Uterine Neoplasms, Neuroendocrine Tumors, Multiple Endocrine Neoplasia, Type IV, Adenofibroma"
209,4,0.0631559017590388,365,"Extravasation of Diagnostic and Therapeutic Materials, Narcolepsy, Migraine without Aura, Sialorrhea"
95,4,0.0631559017590388,365,"Cerebrovascular Disorders, Urinary Bladder, Overactive, Auriculo-condylar syndrome, Urinary Retention"
191,4,0.0631559017590388,365,"Thoracic Neoplasms, Anophthalmos, Microphthalmia, Syndromic 3, Gestational Trophoblastic Disease"
5,4,0.0631559017590388,365,"Cleft Lip, Burkitt Lymphoma, Neuroectodermal Tumors, Carcinoma, Merkel Cell"
16,4,0.0631559017590388,365,"Beckwith-Wiedemann Syndrome, Silver-Russell Syndrome, Polyhydramnios, Intrauterine Growth Retardation, Metaphyseal Dysplasia, Adrenal Hypoplasia Congenita, And Genital Anomalies"
36,4,0.0631559017590388,365,"Venous Thrombosis, Carcinoma, Intraductal, Noninfiltrating, Hemangioblastoma, Anaplasia"
49,4,0.0631559017590388,365,"beta-Thalassemia, Severe Combined Immunodeficiency, Arenaviridae Infections, IMMUNODEFICIENCY 46"
55,4,0.0631559017590388,365,"Oligodendroglioma, Enchondromatosis, Chondroma, 2-Hydroxyglutaricaciduria"
80,4,0.0631559017590388,365,"Diverticular Diseases, Oculoauricular Syndrome, Stomatognathic Diseases, IMMUNODEFICIENCY 90 WITH ENCEPHALOPATHY, FUNCTIONAL HYPOSPLENIA, AND HEPATIC DYSFUNCTION"
34,4,0.0631559017590388,365,"Pneumoconiosis, Rhinitis, Respiratory Sounds, Tuberculosis, Bovine"
98,4,0.0631559017590388,365,"Hypercholesterolemia, Hyperlipidemias, Coronary Disease, Hyperlipoproteinemia Type II"
106,4,0.0631559017590388,365,"Amino Acid Metabolism, Inborn Errors, Microphthalmos, Coronary Vessel Anomalies, Gamma-Glutamylcysteine Synthetase Deficiency, Hemolytic Anemia due to"
129,4,0.0631559017590388,365,"Q Fever, Gallstones, HYPERCHOLESTEROLEMIA, FAMILIAL, 1, Mevalonate Kinase Deficiency"
137,4,0.0631559017590388,365,"AIDS Dementia Complex, Encephalitis, Viral, Blepharoptosis, Opiate Overdose"
144,4,0.0631559017590388,365,"ANTLEY-BIXLER SYNDROME WITH GENITAL ANOMALIES AND DISORDERED STEROIDOGENESIS, Gout, HPRT-Related, Lesch-Nyhan Syndrome, Osteoblastoma"
152,4,0.0631559017590388,365,"Glaucoma 3, primary infantile, B, Anterior segment mesenchymal dysgenesis, Glaucoma 3, Primary Congenital, A, Pyelonephritis"
162,4,0.0631559017590388,365,"Frontotemporal Lobar Degeneration, CEROID LIPOFUSCINOSIS, NEURONAL, 11, FRONTOTEMPORAL DEMENTIA 2, Amyotrophic Lateral Sclerosis 10"
100,4,0.0631559017590388,365,"Limb Deformities, Congenital, Fetal Diseases, IMMUNODEFICIENCY 15B, FETAL ENCASEMENT SYNDROME"
269,3,0.0631559017590388,365,"Heart Septal Defects, Porphyrias, ATRIAL SEPTAL DEFECT 8"
299,3,0.0631559017590388,365,"Mastocytosis, Neuroectodermal Tumors, Primitive, Peripheral, Piebaldism"
286,3,0.0631559017590388,365,"Edema, Cardiac, Hypercalcemia, Idiopathic, of Infancy, Hypercalciuria, childhood idiopathic"
282,3,0.0631559017590388,365,"Chromosome 3, monosomy 3p25, Epilepsy, X-Linked, with Variable Learning Disabilities and Behavior Disorders, Mental Retardation, X-Linked 50"
272,3,0.0631559017590388,365,"AGAMMAGLOBULINEMIA 7, AUTOSOMAL RECESSIVE, IMMUNODEFICIENCY 36 WITH LYMPHOPROLIFERATION, SHORT syndrome"
255,3,0.0631559017590388,365,"Cadmium Poisoning, Spondylometaphyseal dysplasia, Sedaghatian type, Mental Retardation, X-Linked 63"
266,3,0.0631559017590388,365,"Leukoencephalopathies, Liver Diseases, Alcoholic, Pleural Neoplasms"
262,3,0.0631559017590388,365,"Encephalitis, Herpes Simplex, Anus Neoplasms, Melanoma, Amelanotic"
260,3,0.0631559017590388,365,"Anemia, Megaloblastic, Folic Acid Deficiency, Megaloblastic Anemia due to Dihydrofolate Reductase Deficiency"
242,3,0.0631559017590388,365,"De Lange Syndrome, Lissencephaly, Hearing Disorders"
307,3,0.0631559017590388,365,"Cirrhosis, Familial, Cardiomyopathy, Dilated, 1w, Cardiomyopathy, Familial Hypertrophic, 15"
302,3,0.0631559017590388,365,"Oropharyngeal Neoplasms, Smooth Muscle Tumor, Neuropathy, hereditary motor and sensory, LOM type"
346,3,0.0631559017590388,365,"Cardiomyopathy, Dilated, 1y, Cardiomyopathy, Familial Hypertrophic, 3, Lissencephaly 3"
309,3,0.0631559017590388,365,"Hypotrichosis, Gonadal Dysgenesis, Fragile X Tremor Ataxia Syndrome"
310,3,0.0631559017590388,365,"Peripheral Nerve Injuries, Nephrosis, Lipoid, Nephrosis, congenital"
317,3,0.0631559017590388,365,"Pycnodysostosis, Combined Immunodeficiency with Autoimmunity and Spondylometaphyseal Dysplasia, Spondyloenchondrodysplasia"
318,3,0.0631559017590388,365,"Polymorphic Catecholaminergic Ventricular Tachycardia, Darier Disease, LONG QT SYNDROME 14"
328,3,0.0631559017590388,365,"CARDIOMYOPATHY, DILATED, 1II, CATARACT 16, MULTIPLE TYPES, MYOPATHY, MYOFIBRILLAR, 2B, INFANTILE-ONSET"
329,3,0.0631559017590388,365,"Polyomavirus Infections, Wounds, Penetrating, Deafness, Autosomal Recessive 39"
336,3,0.0631559017590388,365,"Glutathionuria, Eosinophilic Esophagitis, Signs and Symptoms, Respiratory"
338,3,0.0631559017590388,365,"Inclusion Body Myopathy With Early-Onset Paget Disease And Frontotemporal Dementia, AMYOTROPHIC LATERAL SCLEROSIS 20, Myopathy, Distal 3"
216,3,0.0631559017590388,365,"Neuromuscular Manifestations, Neuromuscular Diseases, Triosephosphate Isomerase Deficiency"
349,3,0.0631559017590388,365,"Orofacial Cleft 1, Corneal Dystrophy, Fuchs Endothelial, 6, Corneal Dystrophy, Posterior Polymorphous, 3"
353,3,0.0631559017590388,365,"Porphyrias, Hepatic, Lead Poisoning, Nervous System, Porphyria, Acute Hepatic"
360,3,0.0631559017590388,365,"Winchester syndrome, Robinow Sorauf syndrome, Saethre-Chotzen Syndrome with Eyelid Anomalies"
222,3,0.0631559017590388,365,"Hyperaldosteronism, Gastroenteritis, Transmissible, of Swine, Hypertension, Early-Onset, Autosomal Dominant, with Severe Exacerbation in Pregnancy"
225,3,0.0631559017590388,365,"Diabetes Mellitus, Insulin-Resistant, with Acanthosis Nigricans, Donohue Syndrome, Hyperinsulinemic Hypoglycemia, Familial, 5"
210,3,0.0631559017590388,365,"Sciatic Neuropathy, Fibroadenoma, MICROPHTHALMIA, SYNDROMIC 12"
113,3,0.0631559017590388,365,"Disorders of Sex Development, Neoplasms, Hormone-Dependent, Male Pseudohermaphroditism due to Deficiency of Testicular 17,20-Desmolase"
10,3,0.0631559017590388,365,"Mammary Neoplasms, Animal, Recurrence, Medulloblastoma"
24,3,0.0631559017590388,365,"Hypercholanemia, Familial, ANEMIA, CONGENITAL, NONSPHEROCYTIC HEMOLYTIC, 6, Glutathione synthetase deficiency"
38,3,0.0631559017590388,365,"Brain Neoplasms, Lymphoma, Large-Cell, Anaplastic, Cystitis"
205,3,0.0631559017590388,365,"Mineralocorticoid Excess Syndrome, Apparent, Acrodysostosis, Familial Glucocorticoid Deficiency 1"
52,3,0.0631559017590388,365,"Embryo Loss, Muscular Dystrophy, Facioscapulohumeral, Abortion, Habitual"
53,3,0.0631559017590388,365,"Leukemia, T-Cell, AUTOIMMUNE DISEASE, MULTISYSTEM, INFANTILE-ONSET, 1, Hyper-Ige Recurrent Infection Syndrome, Autosomal Dominant"
62,3,0.0631559017590388,365,"Bethlem myopathy, Scleroatonic muscular dystrophy, Solitary Fibrous Tumors"
74,3,0.0631559017590388,365,"Ocular Hypertension, Ulcer, Liposarcoma, Myxoid"
76,3,0.0631559017590388,365,"Substance-Related Disorders, Prenatal Exposure Delayed Effects, Dystonia"
92,3,0.0631559017590388,365,"Arteriosclerosis, Vasculitis, Ectodermal Dysplasia, Anhidrotic, With T-Cell Immunodeficiency, Autosomal Dominant"
96,3,0.0631559017590388,365,"Charcot-Marie-Tooth disease, Type 2F, Neuronopathy, Distal Hereditary Motor, Type IIB, Heat Stress Disorders"
99,3,0.0631559017590388,365,"Familial Primary Pulmonary Hypertension, Lipodystrophy, Congenital Generalized, Type 3, LIPODYSTROPHY, FAMILIAL PARTIAL, TYPE 7"
45,3,0.0631559017590388,365,"Hepatic Veno-Occlusive Disease, PSEUDO-TORCH SYNDROME 1, Ichthyosis, Leukocyte Vacuoles, Alopecia, And Sclerosing Cholangitis"
146,3,0.0631559017590388,365,"Dysarthria, Niemann-Pick Disease, Type C, Ophthalmoplegia"
189,3,0.0631559017590388,365,"Sjogren's Syndrome, Hereditary Autoinflammatory Diseases, AUTOINFLAMMATORY SYNDROME, FAMILIAL, BEHCET-LIKE 1"
147,3,0.0631559017590388,365,"Orthomyxoviridae Infections, IMMUNODEFICIENCY 38 WITH BASAL GANGLIA CALCIFICATION, IMMUNODEFICIENCY 39"
202,3,0.0631559017590388,365,"Drug Hypersensitivity Syndrome, Pasteurellaceae Infections, Meningitis"
197,3,0.0631559017590388,365,"Phencyclidine Abuse, Follicular Cyst, HIGH DENSITY LIPOPROTEIN CHOLESTEROL LEVEL QUANTITATIVE TRAIT LOCUS 6"
196,3,0.0631559017590388,365,"Malformations of Cortical Development, Focal cortical dysplasia of Taylor, Exocrine Pancreatic Insufficiency"
203,3,0.0631559017590388,365,"Hypokinesia, Dystonia, Dopa-responsive, Hyperphenylalaninemia, BH4-Deficient, B"
182,3,0.0631559017590388,365,"Neuromyelitis Optica, Spina Bifida Cystica, Alexander Disease"
180,3,0.0631559017590388,365,"Muscle Hypotonia, Visceral myopathy familial external ophthalmoplegia, MITOCHONDRIAL DNA DEPLETION SYNDROME 1 (MNGIE TYPE)"
179,3,0.0631559017590388,365,"Schistosomiasis, Methylmalonic acidemia with homocystinuria, Fundus Dystrophy, Pseudoinflammatory, Of Sorsby"
175,3,0.0631559017590388,365,"Wolf-Hirschhorn Syndrome, Chromosome 2q37 deletion syndrome, Lipodystrophy"
150,3,0.0631559017590388,365,"Spherocytosis, Hereditary, Leukemia, Erythroblastic, Acute, Acidosis, Renal Tubular"
261,2,0.0631559017590388,365,"Protoporphyria, Erythropoietic, Bile Duct Diseases"
223,2,0.0631559017590388,365,"DEAFNESS, AUTOSOMAL RECESSIVE 97, Osteofibrous Dysplasia"
231,2,0.0631559017590388,365,"Brain Diseases, Metabolic, Inborn, Glutamine deficiency, congenital"
245,2,0.0631559017590388,365,"Hyper-IgM Immunodeficiency Syndrome, Mucocutaneous Lymph Node Syndrome"
250,2,0.0631559017590388,365,"Brain Infarction, Wallerian Degeneration"
251,2,0.0631559017590388,365,"Metaphyseal chondrodysplasia Spahr type, Spondyloepimetaphyseal Dysplasia, Missouri Type"
211,2,0.0631559017590388,365,"Purpura, Thrombotic Thrombocytopenic, Coronary Artery Dissection, Spontaneous"
252,2,0.0631559017590388,365,"Vipoma, Esophageal and Gastric Varices"
256,2,0.0631559017590388,365,"Colonic Polyps, Fractures, Closed"
257,2,0.0631559017590388,365,"CORTICAL DYSPLASIA, COMPLEX, WITH OTHER BRAIN MALFORMATIONS 1, Fibrosis Of Extraocular Muscles, Congenital, 3A, with or without Extraocular Involvement"
343,2,0.0631559017590388,365,"Bone Marrow Diseases, Congenital myasthenic syndrome ib"
270,2,0.0631559017590388,365,"Cerebellar Diseases, Trauma, Nervous System"
271,2,0.0631559017590388,365,"Advanced Sleep-Phase Syndrome, Familial, Alcoholic Intoxication"
274,2,0.0631559017590388,365,"Alopecia Areata, Cystitis, Interstitial"
296,2,0.0631559017590388,365,"Liposarcoma, Acetyl-Coa Carboxylase Deficiency"
308,2,0.0631559017590388,365,"Skin Ulcer, Corneal Ulcer"
345,2,0.0631559017590388,365,"Liddle Syndrome, Bronchiectasis With Or Without Elevated Sweat Chloride 2"
354,2,0.0631559017590388,365,"Chondrosarcoma, Extraskeletal Myxoid, Leukemia, Myelomonocytic, Acute"
355,2,0.0631559017590388,365,"Leukodystrophy, Hypomyelinating, 4, Spastic paraplegia 13, autosomal dominant"
357,2,0.0631559017590388,365,"Neuropathy, Painful, Systemic Vasculitis"
358,2,0.0631559017590388,365,"URIC ACID CONCENTRATION, SERUM, QUANTITATIVE TRAIT LOCUS 1, Neutral Lipid Storage Disease with Myopathy"
214,2,0.0631559017590388,365,"Hyperargininemia, Hair Diseases"
169,2,0.0631559017590388,365,"Immunologic Deficiency Syndromes, Platelet Glycoprotein IV Deficiency"
208,2,0.0631559017590388,365,"Hyperthermia, Glutathione Peroxidase Deficiency, Hemolytic Anemia possibly due to"
131,2,0.0631559017590388,365,"Sleep Disorders, Circadian Rhythm, IMMUNODEFICIENCY 42"
204,2,0.0631559017590388,365,"Cortisone reductase deficiency, Obesity, Abdominal"
17,2,0.0631559017590388,365,"Heart Diseases, Brain Diseases"
19,2,0.0631559017590388,365,"Mercury Poisoning, Nervous System, Fibrous Dysplasia of Bone"
68,2,0.0631559017590388,365,"Hypoxia, Myeloperoxidase Deficiency"
82,2,0.0631559017590388,365,"Hyperlipidemia, Familial Combined, Hyperlipoproteinemia Type I"
93,2,0.0631559017590388,365,"Bone Diseases, Developmental, Thymus Neoplasms"
116,2,0.0631559017590388,365,"Eye Diseases, Hereditary, Leber Congenital Amaurosis"
123,2,0.0631559017590388,365,"Myoglobinuria, Lactate dehydrogenase deficiency type A"
130,2,0.0631559017590388,365,"Ovarian Cysts, Common Variable Immunodeficiency"
83,2,0.0631559017590388,365,"Leukemia, Megakaryoblastic, Acute, Lymphoproliferative Syndrome, X-Linked, 2"
133,2,0.0631559017590388,365,"Spondylitis, Ankylosing, IMMUNODEFICIENCY 29"
160,2,0.0631559017590388,365,"Exfoliation Syndrome, Migraine with Aura"
163,2,0.0631559017590388,365,"Gastrointestinal Neoplasms, Neoplastic Cells, Circulating"
164,2,0.0631559017590388,365,"Gastrointestinal Stromal Tumors, Retinoblastoma"
172,2,0.0631559017590388,365,"Ceroid Lipofuscinosis, Neuronal, 10, Keratolytic winter erythema"
194,2,0.0631559017590388,365,"Hyperammonemia, Digestive System Neoplasms"
195,2,0.0631559017590388,365,"Diarrhea, Chorioamnionitis"
198,2,0.0631559017590388,365,"Idiopathic Hypogonadotropic Hypogonadism, HYPOGONADOTROPIC HYPOGONADISM 19 WITH OR WITHOUT ANOSMIA"
142,2,0.0631559017590388,365,"Dystonic Disorders, Hyperexplexia hereditary"
200,2,0.0631559017590388,365,"Rhabdomyosarcoma, Alveolar, Keratoconus"
300,1,0.0631559017590388,365,Mitochondrial Complex III Deficiency
319,1,0.0631559017590388,365,"Diabetes Insipidus, Nephrogenic"
313,1,0.0631559017590388,365,"Histiocytoma, Angiomatoid Fibrous"
311,1,0.0631559017590388,365,"MICROCEPHALY 12, PRIMARY, AUTOSOMAL RECESSIVE"
303,1,0.0631559017590388,365,Paraquat lung
279,1,0.0631559017590388,365,Ataxia Telangiectasia Like Disorder
297,1,0.0631559017590388,365,Lymphangioleiomyomatosis
294,1,0.0631559017590388,365,"Insulin-Like Growth Factor I, Resistance To"
292,1,0.0631559017590388,365,Hypospadias
288,1,0.0631559017590388,365,Glomerulopathy with fibronectin deposits
268,1,0.0631559017590388,365,"Hypomagnesemia 4, Renal"
323,1,0.0631559017590388,365,Ehlers-Danlos Syndrome
321,1,0.0631559017590388,365,Psychomotor Disorders
362,1,0.0631559017590388,365,Cholera
326,1,0.0631559017590388,365,Virus Diseases
332,1,0.0631559017590388,365,Tyrosinemias
334,1,0.0631559017590388,365,"Xanthinuria, Type I"
335,1,0.0631559017590388,365,Agammaglobulinemia
347,1,0.0631559017590388,365,Cerebellar Ataxia
351,1,0.0631559017590388,365,Enterovirus Infections
356,1,0.0631559017590388,365,"Neoplasms, Radiation-Induced"
359,1,0.0631559017590388,365,Periapical Periodontitis
361,1,0.0631559017590388,365,Bacterial Infections and Mycoses
248,1,0.0631559017590388,365,Robinow Syndrome
363,1,0.0631559017590388,365,Sheep Diseases
364,1,0.0631559017590388,365,Marcus Gunn phenomenon
151,1,0.0631559017590388,365,Ectoparasitic Infestations
264,1,0.0631559017590388,365,"Periodic fever, familial, autosomal dominant"
161,1,0.0631559017590388,365,Eye Abnormalities
246,1,0.0631559017590388,365,"Myopathies, Structural, Congenital"
117,1,0.0631559017590388,365,Fanconi Syndrome
8,1,0.0631559017590388,365,Ependymoma
25,1,0.0631559017590388,365,Lymphoma
63,1,0.0631559017590388,365,THROMBOCYTOPENIA 6
64,1,0.0631559017590388,365,Alcoholism
78,1,0.0631559017590388,365,"Cardiomyopathy, Dilated"
85,1,0.0631559017590388,365,Testicular Diseases
87,1,0.0631559017590388,365,Bipolar Disorder
90,1,0.0631559017590388,365,"Leukemia, Myelogenous, Chronic, BCR-ABL Positive"
94,1,0.0631559017590388,365,Cataract
104,1,0.0631559017590388,365,Leukopenia
110,1,0.0631559017590388,365,Chronic recurrent multifocal osteomyelitis
112,1,0.0631559017590388,365,Deafness
118,1,0.0631559017590388,365,Fetal Growth Retardation
229,1,0.0631559017590388,365,Blood Platelet Disorders
124,1,0.0631559017590388,365,Lewy Body Disease
127,1,0.0631559017590388,365,Plasminogen Activator Inhibitor-1 Deficiency
145,1,0.0631559017590388,365,"Myasthenic Syndromes, Congenital"
159,1,0.0631559017590388,365,"Dermatitis, Irritant"
167,1,0.0631559017590388,365,"Hepatitis, Animal"
181,1,0.0631559017590388,365,"Muscular Dystrophy, Animal"
183,1,0.0631559017590388,365,Opioid-Related Disorders
188,1,0.0631559017590388,365,Rubinstein-Taybi Syndrome
190,1,0.0631559017590388,365,Spinocerebellar Ataxias
192,1,0.0631559017590388,365,Varicose Veins
193,1,0.0631559017590388,365,"Thyroid Cancer, Papillary"
201,1,0.0631559017590388,365,Stomach Diseases
47,1,0.0631559017590388,365,Trichophyton infection
